title,year,genres,director,cast,overview,poster_url
Inception,2010,Sci-Fi|Action|Thriller,Christopher Nolan,"Leonardo DiCaprio|Joseph Gordon-Levitt|Elliot Page","A skilled thief enters dreams to steal secrets and is offered one last impossible job.",https://image.tmdb.org/t/p/w500/oYuLEt3zVCKq57qu2F8dT7NIa6f.jpg
Interstellar,2014,Sci-Fi|Adventure|Drama,Christopher Nolan,"Matthew McConaughey|Anne Hathaway|Jessica Chastain","A team of explorers travels beyond this galaxy to find a future for humanity.",https://image.tmdb.org/t/p/w500/gEU2QniE6E77NI6lCU6MxlNBvIx.jpg
The Dark Knight,2008,Action|Crime|Drama,Christopher Nolan,"Christian Bale|Heath Ledger|Aaron Eckhart","Batman faces a chaotic criminal mastermind who pushes Gotham toward anarchy.",https://image.tmdb.org/t/p/w500/qJ2tW6WMUDux911r6m7haRef0WH.jpg
Arrival,2016,Sci-Fi|Drama|Mystery,Denis Villeneuve,"Amy Adams|Jeremy Renner|Forest Whitaker","A linguist works to communicate with mysterious visitors whose arrival changes the world.",https://image.tmdb.org/t/p/w500/x2FJsf1ElAgr63Y3PNPtJrcmpoe.jpg
Dune,2021,Sci-Fi|Adventure|Drama,Denis Villeneuve,"Timothee Chalamet|Rebecca Ferguson|Oscar Isaac","A young heir travels to a desert planet rich in a powerful resource and caught in political conflict.",https://image.tmdb.org/t/p/w500/d5NXSklXo0qyIYkgV94XAgMIckC.jpg
Blade Runner 2049,2017,Sci-Fi|Drama|Mystery,Denis Villeneuve,"Ryan Gosling|Harrison Ford|Ana de Armas","A new blade runner uncovers a secret that could reshape the relationship between humans and replicants.",https://image.tmdb.org/t/p/w500/gajva2L0rPYkEWjzgFlBXCAVBE5.jpg
The Matrix,1999,Sci-Fi|Action,The Wachowskis,"Keanu Reeves|Laurence Fishburne|Carrie-Anne Moss","A hacker discovers that reality is a simulation and joins a rebellion against its controllers.",https://image.tmdb.org/t/p/w500/f89U3ADr1oiB1s9GkdPOEpXUk5H.jpg
Mad Max: Fury Road,2015,Action|Adventure|Sci-Fi,George Miller,"Tom Hardy|Charlize Theron|Nicholas Hoult","A drifter and a rebel flee across a desert wasteland in a high-speed fight for survival.",https://image.tmdb.org/t/p/w500/8tZYtuWezp8JbcsvHYO0O46tFbo.jpg
The Grand Budapest Hotel,2014,Comedy|Adventure|Crime,Wes Anderson,"Ralph Fiennes|Tony Revolori|Saoirse Ronan","A hotel concierge and his apprentice become entangled in a stolen painting and family fortune.",https://image.tmdb.org/t/p/w500/eWdyYQreja6JGCzqHWXpWHDrrPo.jpg
Knives Out,2019,Mystery|Comedy|Crime,Rian Johnson,"Daniel Craig|Ana de Armas|Chris Evans","A detective investigates a wealthy family's tangled secrets after a celebrated novelist dies.",https://image.tmdb.org/t/p/w500/pThyQovXQrw2m0s9x82twj48Jq4.jpg
Parasite,2019,Thriller|Drama|Comedy,Bong Joon-ho,"Song Kang-ho|Choi Woo-shik|Park So-dam","A family gradually enters the lives of a wealthy household, setting off an unexpected chain of events.",https://image.tmdb.org/t/p/w500/7IiTTgloJzvGI1TAYymCfbfl3vT.jpg
Whiplash,2014,Drama|Music,Damien Chazelle,"Miles Teller|J.K. Simmons|Paul Reiser","An ambitious young drummer faces a demanding instructor at an elite music conservatory.",https://image.tmdb.org/t/p/w500/7fn624j5lj3xTme2SgiLCeuedmO.jpg
La La Land,2016,Romance|Drama|Music,Damien Chazelle,"Ryan Gosling|Emma Stone|John Legend","A jazz musician and an aspiring actor pursue their dreams while falling in love in Los Angeles.",https://image.tmdb.org/t/p/w500/uDO8zWDhfWwoFdKS4fzkUJt0Rf0.jpg
Spirited Away,2001,Animation|Fantasy|Adventure,Hayao Miyazaki,"Rumi Hiiragi|Miyu Irino|Mari Natsuki","A girl enters a spirit world and must find courage to free her parents and return home.",https://image.tmdb.org/t/p/w500/39wmItIWsg5sZMyRUHLkWBcuVCM.jpg
Princess Mononoke,1997,Animation|Fantasy|Adventure,Hayao Miyazaki,"Yoji Matsuda|Yuriko Ishida|Yuko Tanaka","A young warrior becomes caught between forest spirits and a settlement expanding into their home.",https://image.tmdb.org/t/p/w500/cMYCDADoLKLbB83g4WnJegaZimC.jpg
Pulp Fiction,1994,Crime|Drama|Thriller,Quentin Tarantino,"John Travolta|Samuel L. Jackson|Uma Thurman","Interconnected stories follow Los Angeles criminals, a boxer, and two hitmen.",https://image.tmdb.org/t/p/w500/d5iIlFn5s0ImszYzBPb8JPIfbXD.jpg
The Shawshank Redemption,1994,Drama,Frank Darabont,"Tim Robbins|Morgan Freeman|Bob Gunton","Two prisoners build a lasting friendship while holding on to hope inside a harsh prison.",https://image.tmdb.org/t/p/w500/q6y0Go1tsGEsmtFryDOJo3dEmqu.jpg
Get Out,2017,Horror|Mystery|Thriller,Jordan Peele,"Daniel Kaluuya|Allison Williams|Bradley Whitford","A weekend visit to meet a girlfriend's family turns into a disturbing discovery.",https://image.tmdb.org/t/p/w500/tFXcEccSQMf3lfhfXKSU9iRBpa3.jpg
The Social Network,2010,Drama,David Fincher,"Jesse Eisenberg|Andrew Garfield|Justin Timberlake","A college project grows into a global social network and strains the friendships behind it.",https://image.tmdb.org/t/p/w500/n0ybibhJtQ5icDqTp8eRytcIHJx.jpg
Eternal Sunshine of the Spotless Mind,2004,Romance|Sci-Fi|Drama,Michel Gondry,"Jim Carrey|Kate Winslet|Kirsten Dunst","Two former partners undergo a procedure to erase memories of their relationship.",https://image.tmdb.org/t/p/w500/5MwkWH9tYHv3mV9OdYTMR5qreIz.jpg
The Lord of the Rings: The Fellowship of the Ring,2001,Fantasy|Adventure,Peter Jackson,"Elijah Wood|Ian McKellen|Viggo Mortensen","A young hobbit begins a perilous journey to destroy a powerful ring.",https://image.tmdb.org/t/p/w500/6oom5QYQ2yQTMJIbnvbkBL9cHo6.jpg
Everything Everywhere All at Once,2022,Sci-Fi|Action|Comedy,Daniel Kwan|Daniel Scheinert,"Michelle Yeoh|Stephanie Hsu|Ke Huy Quan","A laundromat owner discovers she can access other lives while a multiverse-sized threat grows.",https://image.tmdb.org/t/p/w500/w3LxiVYdWWRvEVdn5RYq6jIqkb1.jpg